repo_name,file,commit,is_corrective,is_refactor
3liz/lizmap-web-client,lizmap/var/themes/default/master_admin/zone_dashboard.tpl,3834a422ac6483d29ca19f51f9b89ae11bad0d2a,true,false
3liz/lizmap-web-client,lizmap/modules/lizmap/controllers/wmts.cmdline.php,abeadb49e42fbe7f5590dfb1a9a8ff6da5094d3a,true,false
Adyen/adyen-magento2,view/frontend/web/js/view/checkout/multishipping/payment-mixin.js,2fab4eea389b726806dc23c9ae372482c91f40d5,true,false
Adyen/adyen-magento2,view/frontend/web/js/view/payment/method-renderer/multishipping/adyen-hpp-method.js,89be1db7326a021302473e402e7418c91993001c,true,false
AzuraCast/AzuraCast,docker-compose.installer.yml,2fabeed61dfb25f8969290ed1e542a7f7dc56813,false,true
AzuraCast/AzuraCast,docker-compose.migrate.yml,2fabeed61dfb25f8969290ed1e542a7f7dc56813,false,true
AzuraCast/AzuraCast,docker-compose.testing.yml,2fabeed61dfb25f8969290ed1e542a7f7dc56813,false,true
AzuraCast/AzuraCast,src/Installer/EnvFiles/AbstractEnvFile.php,4a77e827c44f592d034620b21ae78c2166faaebd,true,false
AzuraCast/AzuraCast,bin/installer,59e5107f741ad28ea06926e356d0b47004472969,true,false
AzuraCast/AzuraCast,util/docker/web/nginx/nginx.conf,8e57d2e04b2cec23721512c65c720a53fc30cf2b,false,true
AzuraCast/AzuraCast,util/docker/web/nginx/nginx.conf.tmpl,8e57d2e04b2cec23721512c65c720a53fc30cf2b,false,true
AzuraCast/AzuraCast,util/docker/web/nginx/proxy_params.conf,8e57d2e04b2cec23721512c65c720a53fc30cf2b,false,true
AzuraCast/AzuraCast,util/docker/web/setup/nginx.sh,8e57d2e04b2cec23721512c65c720a53fc30cf2b,false,true
AzuraCast/AzuraCast,frontend/vue/components/Admin/StorageLocations.vue,bebf651173406f51131814aa9cc5456237b61a38,true,true
AzuraCast/AzuraCast,frontend/vue/components/Stations/Reports/Requests.vue,bebf651173406f51131814aa9cc5456237b61a38,true,true
AzuraCast/AzuraCast,src/Controller/Api/Stations/Reports/RequestsController.php,bebf651173406f51131814aa9cc5456237b61a38,true,true
AzuraCast/AzuraCast,src/Radio/Remote/AbstractRemote.php,daa54d3868e51d03a4b1d1052560ea3658100ddb,true,false
AzuraCast/AzuraCast,util/docker/web/startup_scripts/15_initialize.sh,dcea1b994e5d28d8a81db60dd8282d01b820e8d0,true,false
AzuraCast/AzuraCast,frontend/vue/vendor/bootstrapVue.js,fe33d352d163c84dee0a6b639d4655ae832e68a8,true,false
BeWelcome/rox,build/members/members.model.php,2eebb1cce6968275ac12441f825512c5963d1c1f,true,false
BeWelcome/rox,src/Controller/PasswordController.php,a39746d8dbd189b83a84d45c03cf7b415fa9c47e,true,false
BeWelcome/rox,src/Command/DataRetentionCommand.php,d4f0010d897e4a9bfc9754d41c0168655af34293,false,true
BeWelcome/rox,build/members/templates/editprofile_form_languages.php,f66dce40d1acb277dff03031a3908c6bbbc94ee6,true,false
Cacti/cacti,include/cacti_version,58cfc8ba14c2c89202bea2d305f3d6b4200b0a5b,true,false
Cacti/plugin_thold,CHANGELOG.md,b350f2fa0b3d3df78ea56c00401743ad331a4eb4,true,false
Cacti/plugin_thold,includes/database.php,b350f2fa0b3d3df78ea56c00401743ad331a4eb4,true,false
CatoTH/antragsgruen,models/sectionTypes/TextSimple.php,e9bb6e3eda5411b9b542ba29fad3ea352df8a58b,true,false
Chi-teck/drupal-code-generator,phpcs.xml,46e5a8937812584af0b13594cdfc1fe006677fd9,true,false
Chi-teck/drupal-code-generator,src/Asset/AssetCollection.php,46e5a8937812584af0b13594cdfc1fe006677fd9,true,false
Chi-teck/drupal-code-generator,src/Command/Entity/ContentEntity.php,e242f628ba317e383b59bc00dbee0a88077907c0,true,false
ChristopherDay/Gangster-Legends-V2,class/hook.php,b410388b7df2aa86b45efe2aef21c49da2984f45,true,false
Connections-Business-Directory/Connections,includes/class.xml.php,494ce73b6c1f855874880e1be2eb3cdfddf1cbc9,false,true
Connections-Business-Directory/Connections,includes/export/class.csv-export-batch-category.php,6a5d1338fb8fba71eb0ece870c3d6b35b1b19f5c,true,false
Connections-Business-Directory/Connections,webpack.config.js,7faa68709493b38c8be2031711221920f6e8fc7c,false,true
Connections-Business-Directory/Connections,includes/class.json.php,dbb68df5d889b7a994473a986865ce45e6d914dc,false,true
DoSomething/northstar,.circleci/config.yml,0e93bb07bea7f1f94fdea31ce90c0695e5b3be0b,true,false
DoSomething/northstar,app/Http/Controllers/Web/UserController.php,0e93bb07bea7f1f94fdea31ce90c0695e5b3be0b,true,false
France-ioi/bebras-platform,teacherInterface/detailsGroup.php,e386238796ad987270e76d719fb226819aa89ef1,true,false
FreshRSS/FreshRSS,tests/fixtures/migrations/2022_01_17_IgnoredFile,bc5271b0eb0efffb314ee8f5a6b80cd6c7e4979e,true,false
Froxlor/Froxlor,lib/Froxlor/Cron/Http/ApacheFcgi.php,5ab49e3f5093b9bac6a8a35741cfd4a725f39b97,true,true
Froxlor/Froxlor,lib/Froxlor/Dns/Dns.php,8f0f89014537a4a915f8a4e830287392d4aefe51,true,false
GemsTracker/gemstracker-library,classes/Gems/Registry/CachedArrayTargetAbstract.php,833d8162276f7596f93fd977acc7c4ece4767e44,true,false
GeniusesOfSymfony/WebSocketBundle,src/Authentication/ConnectionRepositoryInterface.php,d8bb2496235d10f8462e2688a423f1672ce3ac1c,false,true
GlotPress/GlotPress-WP,gp-includes/validation.php,e23a80b17e7c916f6608f65e936dd210ed907e6e,true,false
Icinga/icingaweb2,modules/migrate/application/clicommands/NavigationCommand.php,354099b4e224855c82b586cfda1da664332a5f24,true,false
Icinga/icingaweb2,application/forms/Security/RoleForm.php,e2a51e75e59f917ff7ae1e8e70397ca3b7547692,true,false
Icinga/icingaweb2-module-director,library/Director/Objects/IcingaArguments.php,2113484b20ff942abe247878ccf077c4a803bf6c,true,false
Icinga/icingaweb2-module-director,library/Director/Objects/IcingaObjectImports.php,68814e0de67d063fcfd2286d9fdcddac9b9a9920,true,false
Icinga/icingaweb2-module-director,library/Director/Web/Widget/JobDetails.php,e27cda645da77ee75262f8aa859ba2168bf24e18,true,false
Innmind/Immutable,src/Str.php,d4f0d3527214cddabee7a3958e59c84f9d3f78af,false,true
Innmind/Immutable,src/Accumulate.php,fce8e8d3cc7085ed447889940c6ab3b3b84206a2,true,false
Jerry-Shaw/NervSys,Core/Lib/Error.php,1e05ebbba917bb3cb28bd4c19262bedcf2bdafe7,true,false
Jerry-Shaw/NervSys,Ext/libCoreApi.php,7367e9311942ab14e3f33acdac467705cfc63a54,true,false
Jerry-Shaw/NervSys,Ext/libDoc.php,988864497b535451422205d19f63180c4a2280f6,true,false
Karmabunny/sprout3,src/sprout/Helpers/Preview.php,112f9fab9adb892aed4cb69993983ccfe8e78422,true,false
Karmabunny/sprout3,src/sprout/Helpers/Category.php,2ae3250e1819b71a1bd877be2ef184e564704bd3,true,false
Karmabunny/sprout3,src/sprout/core/Kohana.php,d56c78851fa230d2946a45aa3e270159188cf76c,true,false
KnpLabs/php-github-api,doc/apps.md,65081387852031579d8006c5fec7119291b84e61,true,false
KnpLabs/php-github-api,lib/Github/Api/Apps.php,65081387852031579d8006c5fec7119291b84e61,true,false
KnpLabs/php-github-api,test/Github/Tests/Api/AppTest.php,65081387852031579d8006c5fec7119291b84e61,true,false
KnpLabs/php-github-api,lib/Github/Client.php,b56a3feba87215253d0b0db27259a701068bdfe8,true,false
KnpLabs/php-github-api,test/Github/Tests/ClientTest.php,b56a3feba87215253d0b0db27259a701068bdfe8,true,false
MISP/MISP,app/Controller/GalaxyClustersController.php,5dfda76c4846bb2de0327908f050933e8a7d42e3,true,false
MaharaProject/mahara,htdocs/admin/users/uploadcsv.php,0e8e1151460b2d1dbc9ea54187b8ba53c0201c97,true,false
MahjongPantheon/pantheon,Mimir/src/controllers/Players.php,15c2077c90748dbc3a31c567d2b06c9a4ef12676,true,false
MahjongPantheon/pantheon,Rheda/src/templates/TournamentControlPanel.handlebars,655335c5c87a4f11fddd5f5d5c133200620400c7,true,false
MahjongPantheon/pantheon,Rheda/src/templates/partials/_TournamentTablesState.handlebars,655335c5c87a4f11fddd5f5d5c133200620400c7,true,false
MahjongPantheon/pantheon,Tyr/app/store/middlewares/screenManage.ts,eb088ca733f354d180d222445d78ee75a0425257,true,false
MailCleaner/MailCleaner,www/user/htdocs/lang/zh_Hans/texts.php,7dff0cdb1ee9303b1005f79b55b37b26111302cf,false,true
NeoRazorX/facturascripts,Core/Lib/Accounting/InvoiceToAccounting.php,14a0dd15420c47343d3550c51f561894690d84dd,true,false
NeoRazorX/facturascripts,Core/App/AppAPI.php,33965d58a0f1525ffa16270579649daea6351e00,true,false
NeoRazorX/facturascripts,Core/Controller/MegaSearch.php,47f8598cd96999386aac4543185f5279cc9d8aeb,true,false
NeoRazorX/facturascripts,Core/Controller/EditRole.php,c5b5c45f810fac1f30fdee62421f80c623aeea5d,true,false
NeoRazorX/facturascripts,Core/Model/AttachedFile.php,f112027f4cb5ad9fab8e9bc4a5962f18eacd74a5,true,false
NottingHack/hms2,app/HMS/Doctrine/CarbonType.php,0b55ab3d7daf502c01192aef13381ca6b9017d6b,true,false
OCSInventory-NG/OCSInventory-ocsreports,require/search/Search.php,20b0225e0580ccac95789840c1a8da8a820ac623,true,false
Oinosseus/acswui,http/cronjobs/CronTrackRecords.php,ab2d8bad81c8b7c26edcfa072f6d576223afd57e,true,false
PHPBoost/PHPBoost,GoogleMaps/templates/GoogleMaps.css,518f092a4c8d8b382511e398fcfc19a6e40a4f97,false,true
PHPBoost/PHPBoost,articles/templates/ArticlesItemFormController.tpl,8f874bfcde544f3faa63837c52d03ccfbe6c23c6,true,false
RSS-Bridge/rss-bridge,bridges/AutoJMBridge.php,71cd15c35db17246e4572c327ccc478c17f4f735,false,true
RSS-Bridge/rss-bridge,bridges/ExplosmBridge.php,799c93a3c60075c4514ec180053b89b62793939a,true,true
RSS-Bridge/rss-bridge,bridges/ARDMediathekBridge.php,f259fa7f9f601431c9e2481d1bd546db46e945ef,true,false
RSS-Bridge/rss-bridge,bridges/NordbayernBridge.php,fc51c6753d94fc859b8a35e170845dc11f03f63c,true,false
Smartling/wordpress-localization-plugin,inc/Smartling/API/ClientExtended.php,53ea69dc0391e546915ef6d105782ff8e19c15a5,false,true
SplashSync/Php-Core,Components/SOAP/SOAPInterface.php,11f21d54fb31f4683efaff412fbe6ac122c4659d,true,false
TYPO3-Solr/ext-solr,Classes/Domain/Search/Uri/SearchUriBuilder.php,ee85595faed61f492daa5dd103376cb0dddfc993,true,false
TYPO3/testing-framework,Classes/Core/Functional/Framework/Frontend/Response.php,776adf3ac50639cd2ee2dd308c71fbea1d6088cd,false,true
TYPO3/testing-framework,Classes/Core/Functional/Framework/DataHandling/Snapshot/DatabaseSnapshot.php,9f6c561ab571107c40651ce706d990e2a4827b3f,false,true
TheOrchid/Platform,tests/Unit/FieldTest.php,1c4892c97c7c74f1caeefc6f68a7a5b9dc68520d,true,false
TheOrchid/Platform,tests/Browser/ModalValidationTest.php,3f7815856ca658fc2fbe0dbd57b202c830d9f5de,true,false
TheOrchid/Platform,src/Platform/Components/Notification.php,44badbae87799e0aad2a34a03257197cc7fd8627,true,false
TheOrchid/Platform,src/Screen/Layout.php,c8cc2f58460144c5fed33e7720170b97f0739016,true,false
TheOrchid/Platform,resources/lang/ru.json,dadd8e7d28c9f187a685b7f38e693086edcd5007,true,false
TheOrchid/Platform,stubs/app/Orchid/Screens/User/UserListScreen.php,dadd8e7d28c9f187a685b7f38e693086edcd5007,true,false
WBCE/WBCE_CMS,wbce/install/save.php,c96d8b830f846ff14c44a87105d5d8c7eabb5a40,true,false
aces/Loris,jsx/StaticDataTable.js,05cdae8034ba610648dc59a2b00d8836265bc19a,true,false
aces/Loris,modules/issue_tracker/jsx/IssueForm.js,349cd4414dc74e719b49655d0768d366b06dab34,true,false
aces/Loris,modules/issue_tracker/php/edit.class.inc,349cd4414dc74e719b49655d0768d366b06dab34,true,false
aces/Loris,modules/document_repository/php/doctree.class.inc,87d85179dbe337078139aff796bda19fa3335cd4,true,false
aces/Loris,modules/document_repository/php/edit.class.inc,87d85179dbe337078139aff796bda19fa3335cd4,true,false
aces/Loris,modules/document_repository/php/files.class.inc,87d85179dbe337078139aff796bda19fa3335cd4,true,false
aces/Loris,modules/document_repository/php/module.class.inc,87d85179dbe337078139aff796bda19fa3335cd4,true,false
aces/Loris,modules/new_profile/jsx/NewProfileIndex.js,9872debe58a80671f9c8ef67c4994da383a71d35,true,false
aces/Loris,modules/create_timepoint/jsx/createTimepointIndex.js,e5fca7436f3fff3fddfc92ba6e882ab22630b6ec,true,true
aces/Loris,modules/create_timepoint/php/timepoint.class.inc,e5fca7436f3fff3fddfc92ba6e882ab22630b6ec,true,true
aces/Loris,php/libraries/Utility.class.inc,e5fca7436f3fff3fddfc92ba6e882ab22630b6ec,true,true
acquia/blt,src/Robo/BltTasks.php,bd271cc5fb1c819981f77faed3419354d8a0c5b7,true,false
acquia/blt,src/Robo/Blt.php,e0a9c82cb84ad07a2d1414e30c2e7ea43b640216,true,false
acquia/blt,src/Robo/Commands/Validate/TwigCommand.php,f763b9b9986f670f24d12161090454f5a5e11d7e,true,false
adam-boduch/coyote,resources/js/plugins/sociale.js,a1766e2201ed6f4dc005dce876dce1c73e0bf616,true,false
adam-boduch/coyote,app/Http/Controllers/User/RelationsController.php,bda161f64500904bccc6558a52669f0c4375ad9f,true,false
adam-boduch/coyote,app/Http/Grids/Adm/FlagsGrid.php,e11f50600064c3822957797e3f38e971c025aff3,true,false
aimeos/ai-client-html,client/html/themes/default/fonts/pinterest.svg,7a1c0d30c5b4727fb7592b1931408ae89f188da7,false,true
aimeos/ai-laravel,lib/custom/src/MW/Logger/Laravel5.php,fdb537838a46845ec829b7c366c07896322d76e0,false,true
aimeos/ai-laravel,lib/custom/tests/MW/Logger/Laravel5Test.php,fdb537838a46845ec829b7c366c07896322d76e0,false,true
aimeos/aimeos-typo3,ext_emconf.php,5455819ba9f7abe1c88c22c1ff015dc0d758b7a2,false,true
akaunting/akaunting,app/Jobs/Install/FinishUpdate.php,70d5f6d656ef14b2e9984d0a73ef9359fcff9aa9,true,false
akaunting/akaunting,app/Models/Common/Company.php,c64ba2f18acfea759c73697ac0b46f41789f3503,true,false
akaunting/akaunting,app/Observers/Transaction.php,c68d8b26156b3b6b4ba0ff72f317ecc639376c39,true,false
akaunting/akaunting,app/Traits/Charts.php,da5f1988c2d01bee4bb9138a3c996ee197a1ce44,true,false
akrherz/iem,scripts/hads/process_hads_inbound.py,1a975cfb35a0dc11749cb7076a0ffe0859230143,true,false
akrherz/iem,cgi-bin/precip/catSNET.py,5412f96d2160cc06f2cfc44e824f0ffd12fdbb99,true,false
akrherz/iem,htdocs/climodat/index.phtml,8342fcd5623235f6dd65d585829c02bf962d1fd6,false,true
akrherz/iem,scripts/ingestors/rwis/process_rwis.py,a9873a478c2c0d93a9d70053c591d9e1f3ed140b,true,false
akrherz/iem,htdocs/plotting/asos/1min_P.php,ed3c7eaf551b4f77b1f3f49129553b210eea5c28,true,false
ampproject/amp-toolbox-php,tests/Optimizer/Transformer/MinifyHtmlTest.php,a6e7f329d04fd139e5c0113bfabb8da27c23ace6,true,false
astlinux-project/astlinux,scripts/master-locales,362b65bf031dae3875c606d59ff3c7a78e1717c1,false,true
astlinux-project/astlinux,scripts/master-runnix-upload,362b65bf031dae3875c606d59ff3c7a78e1717c1,false,true
astlinux-project/astlinux,scripts/master-sounds,362b65bf031dae3875c606d59ff3c7a78e1717c1,false,true
astlinux-project/astlinux,scripts/upload-dl-pair,362b65bf031dae3875c606d59ff3c7a78e1717c1,false,true
astlinux-project/astlinux,scripts/upload_script.sh,362b65bf031dae3875c606d59ff3c7a78e1717c1,false,true
aurovrata/cf7-grid-layout,README.txt,71d6a3228d48f0d72f0ed57b978f1c5033a699cf,true,false
auth0/auth0-PHP,tests/Unit/Auth0Test.php,37970049a4a0635999b0bbaabf8bab459b919b3b,true,false
bamyers99/Bambots,docs/DatabaseReportBot/navelgazer.txt,b576d1b313e9d025c4359cdd94706b6a3023702d,false,true
bamyers99/Bambots,src/lib/com_brucemyers/InceptionBot/InceptionBot.php,b576d1b313e9d025c4359cdd94706b6a3023702d,false,true
barryvdh/laravel-debugbar,src/Facades/Debugbar.php,14105aa63bd86165119bbfe3b6fe5372b3120f0e,true,false
barryvdh/laravel-ide-helper,tests/Console/ModelsCommand/LaravelCustomCasts/Casts/CastableWithoutReturnType.php,2673bf48892470529a8ad0626a824757181bf1a5,true,false
bcit-ci/CodeIgniter,system/libraries/Cache/drivers/Cache_redis.php,c9a9d82bbc966c97876c2b6d5bc94ae3f4b4135f,true,false
bcit-ci/CodeIgniter,system/helpers/file_helper.php,e2caa77d0afa700adf9bfa029c453ea59f1e368d,true,false
bearcms/bearframework-addon,classes/BearCMS/Internal/Data/UploadsSize.php,cacddec39688758fabb176d86cd74c676e1c8ae0,false,true
blindsidenetworks/moodle-mod_bigbluebuttonbn,classes/local/bigbluebutton/recordings/recording_action.php,bfaa53d289616a2b897e486838e9da1adb7039b6,true,false
bobbingwide/oik,shortcodes/oik-googlemap.php,dfa907c04bd0071fbddba33dc1b0737990e687d6,true,false
bobbingwide/oik,tests/data/bb_BB/test_bw_show_googlemap__example_bb_BB.html,dfa907c04bd0071fbddba33dc1b0737990e687d6,true,false
bobbingwide/oik,tests/data/bb_BB/test_oik_options_do_page_1_bb_BB.html,dfa907c04bd0071fbddba33dc1b0737990e687d6,true,false
bobbingwide/oik,tests/data/en_GB/test_bw_show_googlemap.html,dfa907c04bd0071fbddba33dc1b0737990e687d6,true,false
bobbingwide/oik,tests/data/en_GB/test_bw_show_googlemap__example.html,dfa907c04bd0071fbddba33dc1b0737990e687d6,true,false
bobbingwide/oik,tests/data/en_GB/test_bw_show_googlemap_null_lat_and_long.html,dfa907c04bd0071fbddba33dc1b0737990e687d6,true,false
bobbingwide/oik,tests/data/en_GB/test_html_for_example_and_snippet_is_the_same.html,dfa907c04bd0071fbddba33dc1b0737990e687d6,true,false
bobbingwide/oik,tests/data/en_GB/test_oik_options_do_page.html,dfa907c04bd0071fbddba33dc1b0737990e687d6,true,false
bobbingwide/oik,tests/data/en_GB/test_oik_options_do_page_1.html,dfa907c04bd0071fbddba33dc1b0737990e687d6,true,false
brainworxx/kreXX,tests/Fixtures/ReadOnlyFixture.php,bfa6be7ccb42a9e2b4f9214d7eec1d03df903ada,true,false
cakephp/cakephp,src/Core/App.php,7b17f37d5882c678f49bdaceeec51d8deaa1a37f,true,false
cakephp/cakephp,tests/TestCase/Core/AppTest.php,7b17f37d5882c678f49bdaceeec51d8deaa1a37f,true,false
centreon/centreon,www/class/centreonHost.class.php,124e50ef816667ca2af25950c7c9099c71c5a7ce,true,false
centreon/centreon,www/class/centreonSession.class.php,306b473f2ab177569b8ecf8a63f6fdd94edd9832,true,false
centreon/centreon,www/install/createTables.sql,4265c52be7bc95bdc87a92af499193708ff19a4a,true,false
centreon/centreon,www/class/config-generate/contact.class.php,b89d55801adc23d3891373643fb8e1c83def6ce3,true,false
centreon/centreon,src/Centreon/Domain/Filter/FilterService.php,c39da3864a3ab1e35240ec566d12f622ffe6e991,true,false
centreon/centreon,tests/php/Centreon/Domain/Filter/FilterServiceTest.php,c39da3864a3ab1e35240ec566d12f622ffe6e991,true,false
centreon/centreon,www/include/views/graphs/graphs.html,c4fb0c219b453262cb073d6ef63012dfe0df9890,true,false
centreon/centreon,www/include/views/graphs/graphs.php,c4fb0c219b453262cb073d6ef63012dfe0df9890,true,false
centreon/centreon,www/include/configuration/configGenerate/formGenerateFiles.php,eb8a2e0ec1d5568cd8162d1d2ce19d052c097be1,true,false
cim--/colonia-database,resources/assets/js/map.js,d42bbd0de6bae8a02798a2a00b6f137de1d7f6b2,false,true
collectiveaccess/providence,app/lib/Browse/BrowseEngine.php,dce2bd61d1f34af20876b853b3a39a26886c3ad9,true,false
commsy/commsy,config/packages/messenger.yaml,82f1ac73707b8139bcf35230dba6dd20728a77aa,true,true
commsy/commsy,docker/php/docker-entrypoint.sh,82f1ac73707b8139bcf35230dba6dd20728a77aa,true,true
commsy/commsy,docker/php/supervisor.d/commsy-worker.conf,82f1ac73707b8139bcf35230dba6dd20728a77aa,true,true
commsy/commsy,docker/php/supervisor.d/fpm.conf,82f1ac73707b8139bcf35230dba6dd20728a77aa,true,true
commsy/commsy,docker/php/supervisord.conf,82f1ac73707b8139bcf35230dba6dd20728a77aa,true,true
composer/composer,tests/Composer/Test/Plugin/Fixtures/files_autoload_which_should_not_run.php,226689b90cbe0a4692a047df19539d4d3e959d79,true,false
composer/composer,tests/Composer/Test/Autoload/Fixtures/classmap/sameNsMultipleClasses.php,e1bf45aa8020a801a553768d081a7e8948ceffd6,true,false
composer/composer,tests/Composer/Test/DependencyResolver/Fixtures/poolbuilder/filter-impossible-packages-locked-replacer.test,efc7a3f75f4f51e63ad8f0eafc7db6bc312a5613,true,false
composer/composer,tests/Composer/Test/DependencyResolver/Fixtures/poolbuilder/filter-impossible-packages-only-required-provides.test,efc7a3f75f4f51e63ad8f0eafc7db6bc312a5613,true,false
composer/composer,tests/Composer/Test/DependencyResolver/Fixtures/poolbuilder/filter-impossible-packages-only-required-replaces.test,efc7a3f75f4f51e63ad8f0eafc7db6bc312a5613,true,false
composer/composer,tests/Composer/Test/DependencyResolver/Fixtures/poolbuilder/filter-impossible-packages-only-required.test,efc7a3f75f4f51e63ad8f0eafc7db6bc312a5613,true,false
composer/composer,tests/Composer/Test/DependencyResolver/Fixtures/poolbuilder/filter-impossible-packages-provides.test,efc7a3f75f4f51e63ad8f0eafc7db6bc312a5613,true,false
composer/composer,tests/Composer/Test/DependencyResolver/Fixtures/poolbuilder/filter-impossible-packages-replaces.test,efc7a3f75f4f51e63ad8f0eafc7db6bc312a5613,true,false
composer/packagist,src/Command/CompileStatsCommand.php,c7d192a3bb5a48a2c5d54a5ede4115fa9d188d6a,true,false
comptoirdesappli/amapress,class.amapress.paniers.php,0467ddcb15f6fd89394c5ff15d1c8fed34cf2d64,true,false
comptoirdesappli/amapress,entities/titles.formatter.php,6c07c778fa68f2f91790ac46cd0f6e6d68a01796,true,true
comptoirdesappli/amapress,titan-framework/lib/class-meta-box.php,85793c8747df789771d72aa22e425186bb77821f,true,false
comptoirdesappli/amapress,entities/query.filters.php,d382013a196945fe461919bfc867f4f445863321,true,false
concrete5-community-store/community_store,src/CommunityStore/Cart/Cart.php,17423dd7ec04bca8d67bef77af90e74b4dee0c3a,true,false
cosnics/cosnics,src/Chamilo/Core/Repository/ContentObject/Presence/Display/Service/ExportService.php,88fa41037542280301456ec1f20fce81fa439faf,true,false
danog/MadelineProto,src/danog/MadelineProto/DataCenterConnection.php,12363911d9df32951c200e720ee4ad83ce69d161,true,false
danog/MadelineProto,src/danog/MadelineProto/Logger.php,c75a0ab0fc5f25d1777dc22afff856920d8f50e1,true,false
datawrapper/datawrapper,services/api/src/routes/folders/{id}/index.js,050c975817a040977b4fd836177c3c7e8d8f7ddd,true,false
datawrapper/datawrapper,libs/orm/tests/team.test.js,37d4092e3344ca5b414154ca7e0756872efeee43,true,true
datawrapper/datawrapper,services/api/src/routes/teams/{id}/members.test.js,3d31042cc019fe6c784da383fa0130df3544ab04,true,false
datawrapper/datawrapper,libs/shared/defaultColors.js,79c222806c0de5ae9925620672f01d074f64189d,true,false
datawrapper/datawrapper,libs/shared/defaultColors.test.js,79c222806c0de5ae9925620672f01d074f64189d,true,false
datawrapper/datawrapper,plugins/api-v1/src/api/routes/charts/{id}/data.js,88af63d6de63b6e842de2164e47aaeddf0b0c7e3,true,false
datawrapper/datawrapper,services/api/src/routes/charts/{id}/data.test.js,88af63d6de63b6e842de2164e47aaeddf0b0c7e3,true,false
datawrapper/datawrapper,libs/service-utils/createChart.js,9e43cf4eb970e0263dff71879331d87eea0cfa93,true,false
datawrapper/datawrapper,services/frontend/src/views/archive/AddInFolder.svelte,9e43cf4eb970e0263dff71879331d87eea0cfa93,true,false
datawrapper/datawrapper,libs/service-utils/l10n.js,a83a68a22571c562e37b21a5bb9c84caa5627af2,true,false
datawrapper/datawrapper,services/frontend/src/routes/datawrapper-invite/index.js,b4f860696301898010ccd5d26f2ccbe4c107fd8a,true,false
datawrapper/datawrapper,services/frontend/src/views/account/DatawrapperInvite.svelte,b4f860696301898010ccd5d26f2ccbe4c107fd8a,true,false
datawrapper/datawrapper,services/crons/src/tasks/chart-stats.js,c20b159b5c5b7f904ef885d31b1072d63e3cbd5b,true,false
datawrapper/datawrapper,services/frontend/src/views/archive/SubFolderBox.svelte,c3a6c06867309c63f7b86e09be0652c7e87d65fe,true,false
datawrapper/datawrapper,libs/locales/locales/numeral/is.js,c5feaf4eaf2260bc8cc8585b44b47750895cefc1,true,false
datawrapper/datawrapper,libs/shared/purifyHtml.js,f6a34f6356d03d2cee0899a85bdd2610818ba184,true,false
datawrapper/datawrapper,libs/shared/purifyHtml.test.js,f6a34f6356d03d2cee0899a85bdd2610818ba184,true,false
daverodal/wargaming,Wargame/wargame-helpers/Vue/scss/vue-unit.scss,15ad2dc1abd9448f6c6145e2ca36140bc7bf2cd4,true,false
daverodal/wargaming,Wargame/Area/AreaOne/vue/components/Resource.vue,478624992f41df5f41a32d5abbee5349250e0d78,true,false
daverodal/wargaming,Wargame/wargame-helpers/map-symbols/Bolt.svg,478624992f41df5f41a32d5abbee5349250e0d78,true,false
daverodal/wargaming,Wargame/wargame-helpers/map-symbols/Bowl.svg,478624992f41df5f41a32d5abbee5349250e0d78,true,false
daverodal/wargaming,Wargame/wargame-helpers/map-symbols/Bread.svg,478624992f41df5f41a32d5abbee5349250e0d78,true,false
daverodal/wargaming,Wargame/wargame-helpers/map-symbols/Mine.svg,478624992f41df5f41a32d5abbee5349250e0d78,true,false
daverodal/wargaming,Wargame/Mollwitz/HorseMusketGameRules.php,f86530686266fbccc13e38bb8e6b8623ecd4e673,false,true
deployphp/deployer,recipe/magento2.php,0305fc26f0b1cbad43e2b0277cd07a9be790374f,true,false
deployphp/deployer,docs/recipe/common.md,1b5d18ae7d1075ef735791cf2eca828df8088fc7,false,true
deployphp/deployer,recipe/common.php,1b5d18ae7d1075ef735791cf2eca828df8088fc7,false,true
deployphp/deployer,contrib/cachetool.php,32a63ec9b48fadca8799b2f66c6662248c5e2691,true,false
deployphp/deployer,docs/contrib/cachetool.md,32a63ec9b48fadca8799b2f66c6662248c5e2691,true,false
deployphp/deployer,contrib/rsync.php,93c6d16e0080ed949b0d9963429283e3e4c501d2,false,true
deployphp/deployer,contrib/php-fpm.php,9ce051df5911c92230626986e2756db2ae571beb,false,true
deployphp/deployer,docs/contrib/php-fpm.md,9ce051df5911c92230626986e2756db2ae571beb,false,true
deployphp/deployer,docs/recipe/deploy/writable.md,a92bec48807694516f7346436a6ed8aee3af1e3e,false,true
devcode-it/openstamanager,modules/partitario/actions.php,10e84c9e5b9374cbf5bfd72fbcc2a540678af8ba,true,false
devcode-it/openstamanager,modules/articoli/src/Articolo.php,e7ee964eaa53bd66f6b7d1f103e56c69ff3f3c6f,true,false
dewawi/dewawi,languages/de_DE/sales/deliveryorder.php,c8a62e88c739fd7687d5a1f05a528ca41fbc1dc8,true,false
doctrine/DoctrineBundle,Tests/Command/ImportMappingDoctrineCommandTest.php,6ac3cc630ce87c9558cf98f9e0ef28243551c3f0,true,false
doctrine/DoctrineBundle,Controller/ProfilerController.php,913c7bfd26fb8f1a65f1173dc786526da6157171,true,false
doctrine/DoctrineBundle,DataCollector/DoctrineDataCollector.php,fdcb56792632069e136110255215267ef2bfd053,true,false
doctrine/dbal,tests/Functional/Platform/RenameColumnTest.php,f2cb8eb4df20ea31c003da5a4fb3558ff552d2e5,false,true
doctrine/dbal,tests/Schema/ComparatorTest.php,f2cb8eb4df20ea31c003da5a4fb3558ff552d2e5,false,true
drupal-code-builder/drupal-code-builder,Task/Generate/FileAssembler.php,dd18ed8c3748b2c1b810193285e0ff4d46cc3a9a,false,true
drupal-code-builder/drupal-code-builder,Generator/PHPClassFile.php,df45d060f2a4ae5e1c77cd234b099eee1673e4f2,true,false
eduVPN/vpn-user-portal,tests/schema/2018010101.schema,4bb01c1181c499613c0ed07c97457d8a665c37da,true,false
eduVPN/vpn-user-portal,schema/2022010401.schema,f166f623493e18e9a6d1ebaba73523462a874142,false,true
edwardspec/mediawiki-moderation,TODO,12b6d4523bc1ad1f9af3214ffeba0f31b9f62660,true,false
edwardspec/mediawiki-moderation,hooks/ModerationApiHooks.php,12b6d4523bc1ad1f9af3214ffeba0f31b9f62660,true,false
edzima/VestraTele,backend/tests/unit/issue/IssueFormTest.php,44706cd84c04ab14b3576774b795405063d02a33,true,false
edzima/VestraTele,backend/tests/unit/issue/IssueUserFormTest.php,44706cd84c04ab14b3576774b795405063d02a33,true,false
edzima/VestraTele,backend/tests/unit/provision/ProvisionUpdateFormTest.php,44706cd84c04ab14b3576774b795405063d02a33,true,false
edzima/VestraTele,backend/modules/issue/views/issue/index.php,f16af2860b8197ac96183b86eeb8db0315a9d8ef,true,false
engelsystem/engelsystem,db/migrations/2018_10_01_000000_create_users_tables.php,0229e41149788527a5dfb84550798c8eaf59b1cd,true,false
engelsystem/engelsystem,includes/engelsystem.php,6c288bceb51306e4366675408b255049fa7c110f,true,false
engelsystem/engelsystem,resources/views/layouts/maintenance.html,6c288bceb51306e4366675408b255049fa7c110f,true,false
engelsystem/engelsystem,tests/Unit/HasDatabase.php,80d87617f24e9b9c5b1c3b0354d911ddd3c23b39,true,true
enhavo/enhavo,assets/node_modules/@enhavo/media/form/Media.ts,69927352ded26a29fc231c25522b0f49269ea6d6,true,false
enhavo/enhavo,bin/behat,69927352ded26a29fc231c25522b0f49269ea6d6,true,false
enhavo/enhavo,bin/phpunit,69927352ded26a29fc231c25522b0f49269ea6d6,true,false
enhavo/enhavo,src/Enhavo/Bundle/UserBundle/Security/UserChecker.php,c68a0da7c0447c50b7faed4201d2e968123db0b4,true,false
enhavo/enhavo,src/Enhavo/Bundle/UserBundle/Tests/Security/UserCheckerTest.php,c68a0da7c0447c50b7faed4201d2e968123db0b4,true,false
espocrm/espocrm,client/src/views/api-user/list.js,210ac2ef2aaebf77c64d39ec3265dcb0460996da,true,false
espocrm/espocrm,client/src/views/settings/modals/edit-tab-group.js,35905aad1ba11d31dc6c6b391075004ab05e70bd,true,false
espocrm/espocrm,client/src/views/modals/related-list.js,3bab92239a31503243ffaf2f49176b4f264c03fd,true,false
espocrm/espocrm,client/modules/crm/src/views/meeting/modals/acceptance-status.js,409f19bb2989728c2f20cdebce13b3a2e6e46fef,true,false
espocrm/espocrm,application/Espo/Modules/Crm/Repositories/TargetList.php,79d76d81470ea02d2e9902216a3d41f91ba709c3,false,true
espocrm/espocrm,client/src/views/fields/link-parent.js,7bd109eca67410b6f8a5677e3f54cc60f366e110,true,false
espocrm/espocrm,client/src/views/admin/index.js,8415307221f11daceaf898268b515bc98747a0f7,true,false
espocrm/espocrm,client/src/views/fields/base.js,8e3d743023f38849b717d5bec1abfc4ec3a6c85b,true,false
espocrm/espocrm,client/modules/crm/res/templates/calendar/modals/edit.tpl,9d372155fb086d7d18468919f50d1dc6c4cad5ca,true,false
espocrm/espocrm,client/src/views/modals/view-map.js,c9bdd8231b40e207fd8d45131b02552b1b79e07a,true,false
fabiomattei/uglyduckling,src/Common/Request/Request.php,939deee8fd4e2d60277b22934c355848dac10ad6,false,true
fetus-hina/stat.ink,actions/entire/CombinedAgentAction.php,55f7234bfb6b4b3c570f5e3af35d44e24d2e5041,true,false
flarum/tags,src/Listener/UpdateTagMetadata.php,2aacfed4bbd256759d5b3c17c1ec361c7c172e07,true,false
flarum/tags,js/src/admin/components/TagsPage.js,ffd1f385d0e8d30f87796bd8bade1e6f281940af,true,false
foodcoopshop/foodcoopshop,tests/bootstrap.php,05e2f99063b27aa15c01b6a7ae808b3ab839e083,false,true
foodcoopshop/foodcoopshop,templates/element/email/profileLinks.php,671ce1cea88095e7b4bf4956a2b7ac06e22b0bc6,false,true
foodcoopshop/foodcoopshop,plugins/Admin/src/Controller/HelloCashController.php,7cb75e2d3b2b1ff69db140cf6cd4e2de639d0afa,true,false
foodcoopshop/foodcoopshop,src/Controller/CustomersController.php,92b634818c8da76509183314e67aa57231c6be0f,true,false
forkcms/forkcms,.gitignore,1b38e33a98992793e998a937b717355212346993,true,false
forkcms/forkcms,src/Frontend/Core/Layout/Templates/Breadcrumb.html.twig,1b38e33a98992793e998a937b717355212346993,true,false
forkcms/forkcms,src/Backend/Core/Layout/Templates/FormLayout.html.twig,7a9e5eb553cf33f211ee322cf06c2c9ee9f8ac5c,true,false
futtta/autoptimize,classes/critcss-inc/admin_settings_queue.js.php,4ca74da5a9a18e84ce7aa763c890343ffac4097b,false,true
futtta/autoptimize,classes/autoptimizeToolbar.php,5a959380bb62e1a09da174ae1f2d86d5a32aefb0,true,false
futtta/autoptimize,classes/autoptimizeCriticalCSSSettings.php,6911bdc6e1a745ac015b3d8baa1bc85e6cdd4540,false,true
geminorum/gnetwork,includes/Modules/Typography.php,10d3d0d71ccd007f73e2a8f9e1867c1df647a26d,false,true
geoff-maddock/events-tracker,resources/views/auth/login.blade.php,95ad310a27d465eaa8811d51b74bc1df9125774f,true,false
getk2/k2,plugins/search/k2.php,b0dd2552fd7ac4e6c8ac0b08d8c46a60a657ef4e,true,false
glpi-project/glpi,locales/zh_HK.po,36f075dfe61ed9c6b9f5fab6c94d2c09fdc1bec9,true,true
googleads/google-ads-php,examples/LaravelSampleApp/app/Http/Controllers/GoogleAdsApiController.php,a93f4c691522e16331c1ff496abd68d588374a46,true,false
googleapis/gapic-generator-php,tests/Unit/ProtoTests/CustomLro/custom_lro.proto,dcd1c8351f15968d73eee72519a65e2f397f368c,true,false
googleapis/gapic-generator-php,tests/Unit/ProtoTests/CustomLro/out/src/resources/custom_lro_descriptor_config.php,dcd1c8351f15968d73eee72519a65e2f397f368c,true,false
googleapis/gapic-generator-php,tests/Unit/ProtoTests/CustomLro/out/src/resources/custom_lro_operations_rest_client_config.php,dcd1c8351f15968d73eee72519a65e2f397f368c,true,false
googleapis/gapic-generator-php,tests/Unit/ProtoTests/CustomLro/out/src/resources/custom_lro_rest_client_config.php,dcd1c8351f15968d73eee72519a65e2f397f368c,true,false
googleapis/gapic-generator-php,tests/Unit/ProtoTests/CustomLro/out/tests/Unit/CustomLroClientTest.php,dcd1c8351f15968d73eee72519a65e2f397f368c,true,false
googleapis/gapic-generator-php,tests/Unit/ProtoTests/CustomLro/out/tests/Unit/CustomLroOperationsClientTest.php,dcd1c8351f15968d73eee72519a65e2f397f368c,true,false
googleapis/gapic-generator-php,src/Generation/FieldDetails.php,e62b2103f9b3ff47e2c2fecb792d49c291b92c02,true,false
googleapis/gapic-generator-php,tests/Unit/ProtoTests/GoldenUpdateMain.php,e62b2103f9b3ff47e2c2fecb792d49c291b92c02,true,false
googleapis/google-cloud-php,.github/workflows/release.yml,b5109cfdc8e2b6032b96f1a99a50dd13dfcae356,true,false
googleapis/google-cloud-php,Core/unit-bootstrap.php,b5109cfdc8e2b6032b96f1a99a50dd13dfcae356,true,false
googleapis/google-cloud-php,Functions/src/V1/resources/cloud_functions_service_rest_client_config.php,e2efd54ae6aa92ed73a5107a59039249f30baca5,true,false
googleapis/google-cloud-php,ContainerAnalysis/src/V1/VulnerabilityOccurrencesSummary/FixableTotalByDigest.php,e5da6c9f8ab6d60429e9e35ecece60cb10c3b9e0,false,true
guzzle/psr7,src/Query.php,43573616adc604dcae8b4fe4762160f8e75b755a,true,false
guzzle/psr7,tests/QueryTest.php,43573616adc604dcae8b4fe4762160f8e75b755a,true,false
hiqdev/hipanel-module-finance,src/views/plan/view.php,f18d7f82393774bd01cbf4d56c6c07dd5e9b2047,true,false
hubzero/hubzero-cms,core/components/com_members/api/router.php,d939937a001fef28da6169f9cc783f4eabaf1dce,true,false
ilrWebServices/ilr,web/modules/custom/ilr/src/Plugin/paragraphs/Behavior/CardSettings.php,996083b5ab89ec775488fe72aca3d4a7f2faa09c,true,false
ilrWebServices/ilr,web/themes/custom/union_marketing/scss/components/_videos.scss,996083b5ab89ec775488fe72aca3d4a7f2faa09c,true,false
ilrWebServices/ilr,web/modules/custom/ilr_section_navigation/src/Plugin/ExtraField/Display/SectionNavigation.php,9d5ca54d49ef5ad8d5bf300f5458b8ce3e24561e,true,false
imbo/imbo,src/Image/Transformation/Clip.php,66a52a392310a6416020ba7c566b148e0dc6eefe,true,false
imbo/imbo,src/Image/Transformation/Border.php,86f0ec4a5fdd5c9e095876cd3c3697e9e68e24ea,true,false
imbo/imbo,tests/Image/Transformation/TransformationTest.php,86f0ec4a5fdd5c9e095876cd3c3697e9e68e24ea,true,false
imgag/megSAP,test/data/vc_clincnv_germline_test2_out_cnvs.seg,67c7929892385dab7c0c1464d088ea45cba8208c,true,false
in2code-de/in2publish_core,Classes/Controller/AbstractController.php,267e95b3948205edf80d38d21678e053a5be530d,true,false
in2code-de/in2publish_core,Classes/Features/SystemInformationExport/Exporter/ConfigContainerExporter.php,334e622716f9c249a69c3259bd7a8ca754440e19,true,false
in2code-de/in2publish_core,Classes/Features/AdminTools/DependencyInjection/Exception/MissingRequiredAttributesException.php,6aa73b6f22c5799c350f4291d8b83216d372a340,true,false
in2code-de/in2publish_core,Classes/Communication/RemoteProcedureCall/Letterbox.php,7cb03f7555555b311459889e46d580e18ed9371b,true,false
in2code-de/in2publish_core,Classes/Utility/UriUtility.php,c55ce313426c6b11df0a06da19a9008add374916,true,false
inc2734/snow-monkey,template-parts/header/1row.php,7f950156b7716f998b51b15a434d2797cd1799e3,true,false
inex/IXP-Manager,.env.example,4dea3a715fca35dc7989a31cb066a1e1c9b8601b,true,false
inex/IXP-Manager,config/mail.php,4dea3a715fca35dc7989a31cb066a1e1c9b8601b,true,false
inex/IXP-Manager,resources/views/customer/emails/welcome-email.blade.php,8bc65f9e249b6a8ac3d78e564f47637cd487a551,true,false
jasonmunro/cypht,modules/core/message_functions.php,e84f53267f8283364a67c7492d43324b2ba36b82,true,false
jeffpiazza/derbynet,timer/src/org/jeffpiazza/derby/profiles/NewBold.java,018dfd5e01c4c4492dd36d34a4c8c97f545ed182,true,false
jeffpiazza/derbynet,website/ajax/action.class.add.inc,0c7abcb60f58814c25a76e925f17b221deb26e94,false,true
jeffpiazza/derbynet,website/inc/rank_add_or_delete.inc,0c7abcb60f58814c25a76e925f17b221deb26e94,false,true
jeffpiazza/derbynet,website/inc/current-heat.inc,30268f8e441344764ecea8413fd1a356a4885951,true,false
jeffpiazza/derbynet,website/js/now-racing.js,30268f8e441344764ecea8413fd1a356a4885951,true,false
jeffpiazza/derbynet,website/js/fake-timer.js,3a1aa540d9a7a0a5ee1445b909a1a210ecfbd244,true,false
jeffpiazza/derbynet,website/js/judging.js,5dbbf90b94cc9e143d37c6a4750d51e7cff31df7,true,false
jimwins/scat,ui/dialog/person-edit.html,207a1e9383293836838fbfdade587f704fc9c932,true,false
jimwins/scat,old-report/report-price-change.php,521b064cbfee5fbfc6e847d6afc547b5d2d3232d,true,false
jimwins/scat,ui/carousel.twig,be6cdd2689f04028c1a7e4336eb7f952649e8e45,true,false
jimwins/scat,lib/Scat/Controller/Media.php,d1d9e3136d456db2fe821599d5220380cfd4c535,true,true
jonsito/AgilityContest,agility/scripts/printer.js.php,23d3594904ba7873f43802fec689da5b5d129523,true,false
joomla/joomla-cms,libraries/src/Dispatcher/AbstractModuleDispatcher.php,4d75ae8e6ac07347739737bdddf39dede8686344,false,true
joomla/joomla-cms,administrator/components/com_admin/sql/updates/mysql/4.0.0-2018-03-05.sql,5f68ac3bf67bd1bef283656403c1f58dcc0f39f8,true,false
joomla/joomla-cms,administrator/components/com_admin/sql/updates/postgresql/4.0.0-2018-03-05.sql,5f68ac3bf67bd1bef283656403c1f58dcc0f39f8,true,false
joomla/joomla-cms,components/com_users/src/Controller/RegistrationController.php,a51eaa8c6242271aff10c74453f42f205acc0b42,true,false
joomla/joomla-cms,libraries/src/Tag/TaggableTableTrait.php,e46fc6489451b334aae863b99189c51a76c3da01,true,false
julien-boudry/Condorcet,lib/Console/Commands/ElectionCommand.php,ef3f264bb39c78db805818f0bd5e19ab8c2aff27,true,false
kiwi3685/kiwitrees,modules_v4/widget_blog/module.php,0267032916b26de46f6668f9c19d6118c9a124fb,true,false
kiwi3685/kiwitrees,admin_media.php,112cb5ed5771272ed77a35ec92eaeb9d7cfc5899,true,false
kiwi3685/kiwitrees,modules_v4/googlemap/placehierarchy.php,80462f2dbb19f74cbdd49ecb3ab1b5a9b4ab2bf4,true,false
kiwi3685/kiwitrees,library/Zend/Cache/Backend/File.php,8dd0488c024f0b24f6319dc218a0677e902fd0eb,true,false
kiwi3685/kiwitrees,autocomplete.php,bad6ecc189e3689ad545393373ad9b900c253c8a,true,false
kiwi3685/kiwitrees,library/KT/Census/CensusColumnConditionCan.php,ff4b2a6449ab8b9fd7649bf972492262bfb856f1,true,false
kiwi3685/kiwitrees-nova,library/KT/Person.php,3d12da2fd10df88df3b39e516b6694643bf6cdcc,true,false
kiwi3685/kiwitrees-nova,modules_v4/chart_compact/module.php,4a05f3b172dde99dc23815e549717ef34567448a,false,true
kiwi3685/kiwitrees-nova,modules_v4/googlemap/placehierarchy.php,9002e2deb256dd9e1a18971d2efdd6924c65de5f,true,false
kiwi3685/kiwitrees-nova,admin_media.php,c0c122b5ae5395241d5eabe035443598536cc7c1,true,false
kiwi3685/kiwitrees-nova,library/Zend/Xml/Security.php,f96a63f7098c7f9ba25e8f832c532de80f5cb44b,true,false
kohler/peteramati,scriptsrc/ui.js,1402bf063263b2a0d6b9497380fab5c7e61a7d4e,true,false
kreait/firebase-php,src/Firebase/Auth/ActionCodeSettings/RawActionCodeSettings.php,16310ec11b9d37630d05b5957ed82ebba16a399e,false,true
kreait/firebase-php,tests/Unit/Auth/ActionCodeSettings/RawActionSettingsTest.php,16310ec11b9d37630d05b5957ed82ebba16a399e,false,true
kujirahand/konawiki3,kona3engine/kona3parser.inc.php,0300eb99eaae90ea2608109692ef3b1b07817204,true,false
laravel/framework,src/Illuminate/Queue/Queue.php,0f31ca4a11d99e01f22e3807c03e793625f1857b,true,false
laravel/framework,src/Illuminate/Database/Eloquent/Concerns/GuardsAttributes.php,12250884a8f47c7ba7686521148df9eaa00b2b23,true,false
laravel/framework,src/Illuminate/Database/Eloquent/SoftDeletes.php,24fc1296a4eb23fae8dc11ee1282e9569a2308bd,true,false
laravel/framework,tests/Database/DatabaseEloquentSoftDeletesIntegrationTest.php,24fc1296a4eb23fae8dc11ee1282e9569a2308bd,true,false
laravel/framework,src/Illuminate/Redis/Connectors/PredisConnector.php,33fb408ca4413ffae919482a0980c7cab1007cd0,true,false
laravel/framework,src/Illuminate/Support/Testing/Fakes/BusFake.php,3f5d3704507f278ffc1231c32a74f0eb86eb0584,true,false
laravel/framework,src/Illuminate/Http/Request.php,4afca3c61c644a748b8bcecb80d6f65bf0b70283,false,true
laravel/framework,src/Illuminate/Support/Facades/Mail.php,60d60b042e66d867c59bb9f29ca3a34f8461ca03,true,false
laravel/framework,src/Illuminate/Support/Facades/Schema.php,676ba54b7d62eb76f0d1b025173b8f7134ed8b78,true,false
laravel/framework,src/Illuminate/Validation/Validator.php,6fb7c441a647087dc4bcac78dcbff76064c4002d,true,true
laravel/framework,src/Illuminate/Database/Eloquent/Relations/MorphOneOrMany.php,7a03c7e40f25adb51b9cbc3fcf6304656f42bf7d,true,false
laravel/framework,tests/Database/DatabaseEloquentMorphOneOfManyTest.php,7a03c7e40f25adb51b9cbc3fcf6304656f42bf7d,true,false
laravel/framework,src/Illuminate/Database/Query/Grammars/SqlServerGrammar.php,beea2aaffb8b2bc4c2a348abeee306904c6fd32c,true,false
laravel/framework,tests/Support/SupportArrTest.php,c16367a1af68d8f3a1addc1a819f9864334e2c66,false,true
laravel/framework,src/Illuminate/Routing/ImplicitRouteBinding.php,cf00a5621f2eacdb978d3176e6d601193d9dc57d,true,false
laravel/framework,src/Illuminate/Database/Console/DbCommand.php,dd6ac5f354a1bcab2e5b7f4a1921e618be7a4636,true,false
laravel/framework,src/Illuminate/Notifications/Messages/SimpleMessage.php,f26e36bc35293a3d01daded6f6d7bd2f3cf3b44a,true,false
laravel/framework,tests/Validation/Enums.php,f36fea795763eb8e8e67fee78672730c35fb4e70,true,false
laravel/framework,src/Illuminate/Foundation/Bootstrap/HandleExceptions.php,fada7461eca5e2719b81894219da52b11724dd6d,true,false
leegarner-glfusion/evlist,classes/Lists/UserList.class.php,1cf5eee1a3e8aacf2bab8899562828c8be23fded,true,false
leegarner-glfusion/evlist,classes/Reminder.class.php,a32ff4f1f06999b96dbaf4adc459e8e4f0e1d284,true,false
leoloso/PoP,src/Config/Rector/Downgrade/Configurators/ChainedRules/MonorepoArrowFnUnionTypeChainedRuleContainerConfigurationService.php,4ea2af006b6aca1d6778c67a04d63d93603ce2c3,true,false
letsdrink/ouzo,test/src/Ouzo/Core/Routing/Loader/RouteMetadataCollectionTest.php,379f595af6dbe2adef9e396dc9e0daa8e9ca0399,true,false
letsdrink/ouzo,src/Ouzo/Core/Uri/Es6UriHelperGenerator.php,e567c0bc0e498a75408efd31582cfcda2912dd5c,true,false
letsdrink/ouzo,test/src/Ouzo/Core/Uri/Es6UriHelperGeneratorTest.php,e567c0bc0e498a75408efd31582cfcda2912dd5c,true,false
librewiki/liberty-skin,.gitignore,657b8bbbd8029e63ef5305f4d95c3d8ea2c3a4e6,true,false
lobbywatch/lobbywatch,web_scrapers/zb_create_json.py,0961da9592517476b7a2fc3d563d9bf684f68211,true,true
lobbywatch/lobbywatch,web_scrapers/pg_create_json.py,5b34b2afcd810707fb542dc587abc272c2a64c15,true,false
lobbywatch/lobbywatch,run_db_script.sh,84a08ee70c0855f9e1b7d51f90643a4afe65fa14,true,false
lobbywatch/lobbywatch,deploy.sh,ba38c2f29e055d201d2b614d602f7f182b7a70bc,true,false
matecat/MateCat,public/css/sass/modals/instructionsModal.scss,2261346bb5b4af669788fd08f26e84712181e312,true,false
matecat/MateCat,public/js/cat_source/es6/components/segments/SegmentFooterTabConcordance.js,ee9205faa7c1d9455e489c0ec5419d5bbc173632,true,false
miaoxing/user,pages/admin/users/index.js,bc0b09bf6cbe06934b088c3336337b53c77978de,true,false
michaeluno/amazon-auto-links,include/core/component/unit/_common/utility/paapi/AmazonAutoLinks_Unit_PAAPI5_Request_SearchItems.php,00ee240c5f08d0137c1071f58400751e23e6cb07,true,false
michaeluno/amazon-auto-links,include/core/component/unit/_common/option/_abstract/AmazonAutoLinks_UnitOption_Base.php,435cd4be400ac0f9d8c0f4432bc44623ed340e2b,true,false
michaeluno/amazon-auto-links,include/core/component/unit/unit_type/ad_widget_search/option/AmazonAutoLinks_UnitOption_ad_widget_search.php,638ffef8d0c3aaddaa682ee745bbc03205ee45f0,true,false
michaeluno/amazon-auto-links,include/core/component/unit/unit_type/category/admin/admin_page/second/_cusotm_form/AmazonAutoLinks_Form_CategorySelect___Sidebar___Breadcrumb.php,8e7b0bc8853a839840d40a1531d367607fccebaf,false,true
miraheze/ManageWiki,includes/ManageWikiHooks.php,dc6542e57a8bc04fa93fe04b50261e480e3409fa,true,false
mongodb/mongo-php-driver,scripts/autotools/libmongoc/CheckCompression.m4,ab44b0cbeb52361db568e8a506a78d038544d3d5,true,false
mongodb/mongo-php-driver,tests/manager/manager-ctor-directconnection-error-001.phpt,ab44b0cbeb52361db568e8a506a78d038544d3d5,true,false
mongodb/mongo-php-driver,tests/manager/manager-ctor-directconnection-error-002.phpt,ab44b0cbeb52361db568e8a506a78d038544d3d5,true,false
mongodb/mongo-php-driver,tests/manager/manager-ctor-tls-error-001.phpt,ab44b0cbeb52361db568e8a506a78d038544d3d5,true,false
monicahq/monica,database/migrations/2017_07_22_153209_create_instance_table.php,9063e33aaf2dcd55177769fae994ba5d3dbd3069,false,true
moodle/moodle,lib/classes/session/redis.php,47a81d884439feec124fbd2a1f17b770453129e5,true,false
msaari/relevanssi,lib/utils.php,1b88d628c7af4c6889ca0fbd8fd9f1e00281e670,true,false
msaari/relevanssi,lib/indexing.php,404acb5e52237e63ccd81937746fe881b10ffe85,true,false
mtils/php-ems,src/Ems/Model/Skeleton/OrmBootstrapper.php,27cb1baf7f2f47d9e9e98a9fe1c11f6eca3de58d,true,false
nelmio/NelmioApiDocBundle,Render/Html/GetNelmioAsset.php,4148dfda2567f3514fa53fb7ca787878c6de2368,true,false
nelmio/NelmioApiDocBundle,Tests/Util/ControllerReflectorTest.php,7de49bb4a8efa15ee5a98aac6237902925bdf56b,true,false
nelmio/NelmioApiDocBundle,Util/ControllerReflector.php,7de49bb4a8efa15ee5a98aac6237902925bdf56b,true,false
nelmio/NelmioApiDocBundle,DependencyInjection/NelmioApiDocExtension.php,a041c69a0ca86a8f6f10cba7f8805f82ab7d9c39,true,false
nelmio/NelmioApiDocBundle,Resources/views/SwaggerUi/index.html.twig,babf788636589ad75fbf44b1ce6f53996021be10,true,false
nextcloud/nextcloud.com,templates/footer.php,8c26f9b174c2476a12991facff6b0a3ad2f1ac34,true,false
nextcloud/nextcloud.com,assets/img/customers/paris.png,a98a7c2919d970dcdfdb3cc0ecaa490a572ebf65,false,true
nextcloud/nextcloud.com,page-homepage.php,a98a7c2919d970dcdfdb3cc0ecaa490a572ebf65,false,true
nightflyza/Ubilling,api/libs/api.lmaps.php,1093b606a5916fd41fc18c8605e472a485ea7da9,false,true
nightflyza/Ubilling,docs/uhw_mlg/index.php,39efad03c85c68021349e6e6dc30b3a894bb275c,true,false
nightflyza/Ubilling,openpayz/frontend/portmone/index.php,4fc9d53d4de16bc99a246446fcef858554b4d2ab,false,true
nightflyza/Ubilling,api/libs/api.tasksqualrep.php,9f64a4ba038702e8a3217fb6e1572fd71683acee,true,false
nightflyza/Ubilling,openpayz/frontend/globalmoney/agentcodes.ini,c5bdc010c43362581ea45904f0686462e9a21677,false,true
nightflyza/Ubilling,openpayz/frontend/globalmoney/index.php,c5bdc010c43362581ea45904f0686462e9a21677,false,true
nightflyza/Ubilling,openpayz/frontend/globalmoney/tmp/.htaccess,c5bdc010c43362581ea45904f0686462e9a21677,false,true
nosilver4u/ewww-image-optimizer,classes/class-ewwwio-tracking.php,f137804260e967fc25490ecfb7d5de0f95330ead,true,false
opensalt/opensalt,core/migrations/Version20180201165909.php,4be7e140d49fd466cc611a3689e5a0db63c8b76c,false,true
opensalt/opensalt,core/migrations/Version20170504134137.php,5512379b7f6e99eca224524d4aec335aa9e7b702,false,true
opensalt/opensalt,core/migrations/Version20211210171402.php,7e51be3288b6fd303c8a997f7cfae8035255dae5,false,true
overblog/GraphQLBundle,src/Command/GraphQLDumpSchemaCommand.php,5e1054168f4938cc41e8c0533705b6e28500bee1,true,false
overblog/GraphQLBundle,tests/Error/ErrorHandlerTest.php,5e1054168f4938cc41e8c0533705b6e28500bee1,true,false
owncloud/music,lib/Controller/AmpacheController.php,39568dfc320b735857214205820f4d8f2b5e9048,true,false
parentnode/janitor,src/classes/adapters/payments/stripe.class.php,4367461c978f41bd1a4446dd32ffaf010d07c400,false,true
parentnode/janitor,src/classes/system/html.core.class.php,5c265bd5c74d46f635f605d17ac1ec6b58d8bba1,true,false
phingofficial/phing,src/Phing/Task/Optional/PatchTask.php,7eff6bcd051895bde22e0a52f57676d1c3dd551f,false,true
phingofficial/phing,tests/etc/tasks/system/IsFailureTest.xml,7eff6bcd051895bde22e0a52f57676d1c3dd551f,false,true
phingofficial/phing,src/Phing/Task/System/ExecTask.php,bd05391fcc81d5a81355e3cd48a02a40ad73c852,false,true
phingofficial/phing,tests/etc/tasks/system/ExecTest.xml,bd05391fcc81d5a81355e3cd48a02a40ad73c852,false,true
phoronix-test-suite/phoronix-test-suite,pts-core/objects/FPDF.php,0a7afbd84726d7aea8dba73aebfde543e6667cc5,true,false
phoronix-test-suite/phoronix-test-suite,pts-core/objects/phodevi/components/phodevi_gpu.php,1014b0995fe809d7fcde90b0681ff9ead8d8c5b1,false,true
phoronix-test-suite/phoronix-test-suite,pts-core/modules/linux_perf.php,214f356b1e54a1e1d5d27a8c753b36ec9a4da2c3,true,true
phoronix-test-suite/phoronix-test-suite,pts-core/objects/pts_test_result.php,214f356b1e54a1e1d5d27a8c753b36ec9a4da2c3,true,true
phoronix-test-suite/phoronix-test-suite,pts-core/static/certificates/openbenchmarking-server.pem,2aed01d6e4eb09f135c40c64d6393ec1d1b94b5c,false,true
phoronix-test-suite/phoronix-test-suite,pts-core/static/certificates/phoromatic-com.pem,2aed01d6e4eb09f135c40c64d6393ec1d1b94b5c,false,true
phoronix-test-suite/phoronix-test-suite,pts-core/static/images/pts-160x83.png,2aed01d6e4eb09f135c40c64d6393ec1d1b94b5c,false,true
phoronix-test-suite/phoronix-test-suite,pts-core/static/images/pts-80x42-white.png,2aed01d6e4eb09f135c40c64d6393ec1d1b94b5c,false,true
phoronix-test-suite/phoronix-test-suite,pts-core/static/images/pts-80x42.png,2aed01d6e4eb09f135c40c64d6393ec1d1b94b5c,false,true
phoronix-test-suite/phoronix-test-suite,pts-core/static/images/pts-icon.png,2aed01d6e4eb09f135c40c64d6393ec1d1b94b5c,false,true
phoronix-test-suite/phoronix-test-suite,pts-core/static/user-config-defaults.xml,2aed01d6e4eb09f135c40c64d6393ec1d1b94b5c,false,true
phoronix-test-suite/phoronix-test-suite,pts-core/commands/remove_incomplete_results_from_result_file.php,4aa91cf573cbbeb85ac0cebb733413424adf7172,false,true
phoronix-test-suite/phoronix-test-suite,pts-core/objects/pts_compression.php,e8548cbf465c5682611b722ffe3e81b3cdd2557a,true,false
phoronix-test-suite/phoronix-test-suite,pts-core/objects/pts_test_result_parser.php,e8548cbf465c5682611b722ffe3e81b3cdd2557a,true,false
phpList/phplist3,public_html/lists/admin/editattributes.php,2a50fc607fec2040be79c55e2c242d932ac70dec,false,true
phpList/phplist3,public_html/lists/index.php,c21c45faba560ac52159965732da94cd3937f82e,true,false
phpstan/phpstan,playground-runner/bref.php,2304e2a4987e0dfc0abec91bf1c2228e1834527d,true,false
platformsh/platformsh-cli,src/Service/SshConfig.php,271f286552aeb318870f88b0669e3995a90577ee,true,false
platformsh/platformsh-cli,src/Command/Domain/DomainCommandBase.php,541a851e615d6ca5b4db890c6b1c6b69a8377015,true,false
platformsh/platformsh-cli,src/Command/SshCert/SshCertLoadCommand.php,cb21dfbe3b11021cd29dc1e4043a11a56a290205,true,false
platformsh/platformsh-cli,src/Command/Local/LocalDrushAliasesCommand.php,cffb80fc11e3acd49e6f7ed02e383262e57592e2,true,false
pluginsGLPI/formcreator,front/formlist.php,b1311e7963a31b0686d4669673ed0113501a73f5,false,true
pmmp/PocketMine-MP,src/block/Bed.php,091673d8f1dd645e58dbdda50a541d89dc7277f4,true,false
pmmp/PocketMine-MP,src/world/generator/GeneratorManager.php,0a58fd5472000cb6cddaddef50489661855a9da1,true,true
pmmp/PocketMine-MP,build/make-release.php,0ccb47fb07881cf7252da5c8a4717810703b89bd,true,false
pmmp/PocketMine-MP,src/entity/object/ItemEntity.php,1ed9302f5a80b645f61bca90dc48bc6a348c1a42,true,false
pmmp/PocketMine-MP,src/block/Cobweb.php,3155c9039631eb84b521ca9cac210e5ed2d719ee,true,false
pmmp/PocketMine-MP,src/item/WritableBookBase.php,3b774629350ef4c05b6d959e897f889f55c35250,true,false
pmmp/PocketMine-MP,src/MemoryManager.php,3be8472ae237bfb5d0d6f4ce1a32a2fa688ba89c,true,false
pmmp/PocketMine-MP,src/block/tile/ContainerTrait.php,3c6146b5e095f3f8d7c77da3745a7c40b57863c2,true,true
pmmp/PocketMine-MP,src/event/entity/EntityShootBowEvent.php,3d9e19546fadc0dbcd834a8bf7b67ab7f65e2019,true,false
pmmp/PocketMine-MP,src/network/mcpe/cache/ChunkCache.php,4aab0565c0510f97711bd6f2fa8a2ca4e4189b2c,true,false
pmmp/PocketMine-MP,src/inventory/transaction/action/DropItemAction.php,6673289c330ac86ed6957d20065370690a31ea98,true,false
pmmp/PocketMine-MP,src/block/BrewingStand.php,6679c53e56f4d23a96e41998d9e8dcacc1300cfa,true,false
pmmp/PocketMine-MP,src/block/EnderChest.php,67a0ae02469c3d116d30f872a6333dda40d9e00c,true,false
pmmp/PocketMine-MP,src/entity/object/FallingBlock.php,6e4b73c1835474d20241e45f56a598168697961b,true,false
pmmp/PocketMine-MP,src/inventory/SimpleInventory.php,72f2c794abbbfa98301eda68ea3916a0845cc6c8,false,true
pmmp/PocketMine-MP,src/command/defaults/KickCommand.php,93caf72f34910d74eb9d3b849115bc5238022b42,true,false
pmmp/PocketMine-MP,src/block/BlockFactory.php,9f4fcfafdb11141a8bd063c716df120e33ac8ee0,true,false
pmmp/PocketMine-MP,src/block/HayBale.php,aaf7a88de73ef29da63af14f36d82662a2519700,true,false
pmmp/PocketMine-MP,src/entity/Human.php,eedea38669f53f21101465d4e4e2da6f61804256,false,true
pmmp/PocketMine-MP,src/plugin/PluginDescription.php,fa48100da5c4bb4e85e2e30812df98b2e1b66732,true,false
podlove/podlove-publisher,lib/podcast_post_meta_box.php,fe63dedc6394374e658f79a35036979d357ad14f,true,false
poggit/poggit,assets/incl/home.common.php,71d399d65dfef32210a291787cc2adc37eed7836,true,false
polylang/polylang,integrations/wp-importer/wp-import.php,3f10dd1badcd1a87537bf6f387b696b413716ed3,true,true
polylang/polylang,frontend/choose-lang.php,76fe76218da5e7c1d757b918f95cda7bc0818fde,true,false
pressbooks/pressbooks,inc/admin/laf/namespace.php,d975641df0b688f264420362c5de01e53367df95,true,false
presscustomizr/hueman,functions/init-functions.php,178c0bc6ddd3615cef123714457e26ae243fcec1,true,false
roundcube/roundcubemail,plugins/emoticons/emoticons.php,208e8ee5f400c25b0e25d77ca74ecd7a7d21cb9d,true,true
roundcube/roundcubemail,plugins/password/drivers/directadmin.php,59928e334132859192ea67ffb90204c41133acc9,true,false
roundcube/roundcubemail,program/lib/Roundcube/rcube_washtml.php,693b7f0ecbd5b6ea68e3414e4eba1474371c0a22,true,false
roundcube/roundcubemail,tests/Framework/Washtml.php,693b7f0ecbd5b6ea68e3414e4eba1474371c0a22,true,false
roundcube/roundcubemail,tests/Rcmail/Sendmail.php,ab914165995425f5fe92a058baa123e9c15ca105,true,false
roundcube/roundcubemail,plugins/password/helpers/chpass-wrapper.py,d3e35df81a48b9218fe53bfa5721d06d8a3dabe6,true,false
roundcube/roundcubemail,.github/run.sh,fd39eecb48cce1df3b4949ae7e97fdd1e878e10e,true,false
ruflin/Elastica,src/Bulk/Action/DeleteDocument.php,4124d20c7fc85a9210c070caee93a5245c937d0a,true,false
ruflin/Elastica,src/Query/TermsSet.php,5f7f7ce3b87bf3658fc6ee0d81f76475f3d96842,true,false
ruflin/Elastica,tests/Query/TermsSetTest.php,5f7f7ce3b87bf3658fc6ee0d81f76475f3d96842,true,false
ruflin/Elastica,src/Multi/MultiBuilder.php,88d07a96f9fe9597317fa48251af1dc918f85015,true,false
s9e/TextFormatter,src/Renderer.php,d115085898f41bfe251b303d690ccfdc35fc12b2,true,false
sad-spirit/pg-builder,composer.json,a82593cabe68923c923b7551bd7cb1179a5df0d5,true,false
sad-spirit/pg-builder,src/sad_spirit/pg_builder/Lexer.php,a82593cabe68923c923b7551bd7cb1179a5df0d5,true,false
sebastienheyd/boilerplate,readme.md,122ba50cc72e458347ff8c42403827a764abecbb,false,true
silverstripe/silverstripe-userforms,code/Control/UserDefinedFormController.php,c762835d4f6e527166a4c25fa143dbc552b36a51,false,true
slevomat/coding-standard,tests/Sniffs/Variables/data/unusedVariableNoErrors.php,4a1e3adf1bf42ffd05627a78483fe138e4aaba57,true,false
slevomat/coding-standard,SlevomatCodingStandard/Helpers/AnnotationTypeHelper.php,4f35cfcc0d20a1e5ba749c92da4776169d10050a,false,true
slevomat/coding-standard,SlevomatCodingStandard/Sniffs/Functions/RequireTrailingCommaInCallSniff.php,616af7bbab981494c4bc62e38bfe6bbac8499ecb,true,false
slevomat/coding-standard,tests/Sniffs/Functions/RequireTrailingCommaInCallSniffTest.php,616af7bbab981494c4bc62e38bfe6bbac8499ecb,true,false
slevomat/coding-standard,tests/Sniffs/Functions/data/requireTrailingCommaInCallErrors.fixed.php,616af7bbab981494c4bc62e38bfe6bbac8499ecb,true,false
slevomat/coding-standard,tests/Sniffs/Functions/data/requireTrailingCommaInCallErrors.php,616af7bbab981494c4bc62e38bfe6bbac8499ecb,true,false
slevomat/coding-standard,tests/Sniffs/Variables/UnusedVariableSniffTest.php,78d5c137dcf378e178b739462313b88f4f054a7d,true,false
slevomat/coding-standard,tests/Sniffs/Variables/data/unusedVariableErrorsWithIgnoredUnusedValuesWhenOnlyKeysAreUsedInForeach.php,78d5c137dcf378e178b739462313b88f4f054a7d,true,false
slevomat/coding-standard,tests/Sniffs/Variables/data/unusedVariableNoErrorsWithIgnoredUnusedValuesWhenOnlyKeysAreUsedInForeach.php,78d5c137dcf378e178b739462313b88f4f054a7d,true,false
slevomat/coding-standard,SlevomatCodingStandard/Sniffs/Namespaces/UnusedUsesSniff.php,d552bf37cee3ac0e733fac2a23ebe3d13b78acf3,false,true
slevomat/coding-standard,tests/Sniffs/Namespaces/UnusedUsesSniffTest.php,d552bf37cee3ac0e733fac2a23ebe3d13b78acf3,false,true
slevomat/coding-standard,tests/Sniffs/Namespaces/data/unusedUsesInAnnotation.php,d552bf37cee3ac0e733fac2a23ebe3d13b78acf3,false,true
slevomat/coding-standard,tests/Sniffs/Commenting/DocCommentSpacingSniffTest.php,e5499859eaff8f30629e5fbefe5f92d3cedf81ba,true,false
slevomat/coding-standard,tests/Sniffs/Commenting/data/docCommentSpacingAnnotationsGroupsErrors.fixed.php,e5499859eaff8f30629e5fbefe5f92d3cedf81ba,true,false
slevomat/coding-standard,tests/Sniffs/Commenting/data/docCommentSpacingAnnotationsGroupsErrors.php,e5499859eaff8f30629e5fbefe5f92d3cedf81ba,true,false
smrealms/smr,src/lib/Default/SmrPlanetType.class.php,73312323daa56dcace945da89233ebcb8bbd1ad6,true,true
smrealms/smr,src/lib/Smr/Database.php,e7c10a18cbb1b0da6e7da7877373d31ab06ea2d2,true,false
snipe/snipe-it,app/Exceptions/Handler.php,81b66d003973e67d53d316a065ad9770dcb39d50,true,false
snipe/snipe-it,app/Http/Controllers/ProfileController.php,984db1ef44b21c13ebc811e72ce8ba33e2cb8e62,true,false
sonata-project/SonataAdminBundle,src/Util/FormViewIterator.php,b3cf619ed11c8bcb39a897a8822878b1b9e6a825,true,false
sonata-project/SonataDoctrineORMAdminBundle,src/Datagrid/ProxyQuery.php,435164da943add2b613a4efe364e2d1d827f2430,true,false
sonata-project/SonataDoctrineORMAdminBundle,psalm-baseline.xml,ce6fb8e5712c83007d838fbf222ec3ed4bfcdac1,true,false
sonata-project/SonataDoctrineORMAdminBundle,src/Model/ModelManager.php,ce6fb8e5712c83007d838fbf222ec3ed4bfcdac1,true,false
sonata-project/SonataMediaBundle,src/Resources/config/twig.php,10bbf4aba772f53231789e830b1091e179265d2a,false,true
sonata-project/SonataMediaBundle,src/DependencyInjection/Configuration.php,a112013597f46273c32bcfb02dc8c4b8695bea06,true,false
sonata-project/sonata-doctrine-extensions,src/Mapper/ORM/DoctrineORMMapper.php,5b4742b0612b1bdc1f202e6cfb4fa251bd9ba859,true,false
spatie/laravel-backup,resources/lang/nl/notifications.php,d1e3070649d4b1f41e1d606c67b8b7d91e494c3d,true,false
spatie/laravel-permission,docs/basic-usage/teams-permissions.md,68d3ef3e179314fdac468eb230ca003b4c1fc3af,true,false
spatie/laravel-permission,tests/HasPermissionsTest.php,68d3ef3e179314fdac468eb230ca003b4c1fc3af,true,false
spatie/laravel-permission,tests/HasPermissionsWithCustomModelsTest.php,68d3ef3e179314fdac468eb230ca003b4c1fc3af,true,false
spatie/laravel-permission,tests/HasRolesTest.php,68d3ef3e179314fdac468eb230ca003b4c1fc3af,true,false
spatie/laravel-permission,tests/HasRolesWithCustomModelsTest.php,68d3ef3e179314fdac468eb230ca003b4c1fc3af,true,false
spatie/laravel-permission,tests/TeamHasPermissionsTest.php,68d3ef3e179314fdac468eb230ca003b4c1fc3af,true,false
spatie/laravel-permission,tests/TeamHasRolesTest.php,68d3ef3e179314fdac468eb230ca003b4c1fc3af,true,false
spatie/laravel-permission,tests/TestCase.php,68d3ef3e179314fdac468eb230ca003b4c1fc3af,true,false
spip/SPIP,prive/formulaires/configurer_metas.php,04d2a05245289d7671ead24bb24079ade17d18ba,true,false
splitbrain/dokuwiki,inc/Debug/DebugHelper.php,5499b0dacdc652f3c3bcd8957a0811bf69365b9d,true,false
stayallive/wp-sentry,src/class-wp-sentry-admin-page.php,1198a1afa6c07cec21c60c2eb345c696d2b3d73b,true,false
stijink/homescreen,api/rector.php,dd71aa0e4428d37b75968032687bd7534a99aebf,true,false
symfony/cache,Traits/PdoTrait.php,89130c15e57f557cb2d11d76dbb58a2e65040d4a,true,false
symfony/cache,Traits/ApcuTrait.php,c9467badd39571ac5e58fb29f548c421c5b8c7d6,true,false
symfony/cache,Adapter/PdoAdapter.php,e866d48fd77e8267a94a2bfe564227e4edb11394,true,false
symfony/dom-crawler,FormFieldRegistry.php,b7e6883c249ff11db59e1d2f98762d6c2df0086d,true,false
symfony/framework-bundle,Resources/config/serializer.php,11b0d3892fbb72582bc2c02d3edccaf2fc096b0b,true,false
symfony/framework-bundle,Tests/Functional/app/Serializer/config.yml,11b0d3892fbb72582bc2c02d3edccaf2fc096b0b,true,false
symfony/framework-bundle,Resources/config/notifier_transports.php,be0d1011838884a2fdc555a3c8d32f2ce287533a,true,false
symfony/framework-bundle,Command/WorkflowDumpCommand.php,dda3f6f92d80a8857e3707ae1555310efe6913ea,true,false
symfony/http-foundation,HeaderUtils.php,787a0adcf504505163542ab3ab46188bbb04d220,true,false
symfony/http-kernel,Fragment/FragmentUriGeneratorInterface.php,ba979b441452f9bd87957023887c2367ec84f629,true,false
symfony/ldap,Security/LdapAuthenticator.php,b42e119ff36e138db8992ab3319ade3d0ad479b0,true,false
symfony/ldap,Tests/Adapter/ExtLdap/LdapManagerTest.php,b42e119ff36e138db8992ab3319ade3d0ad479b0,true,false
symfony/security-bundle,DependencyInjection/SecurityExtension.php,39e7e10048a0cad8c4213603f8db173779fcf07d,true,false
symfony/security-bundle,Resources/views/Collector/security.html.twig,62a1d55a7b3846eb7a0313b14994231da16568d1,false,true
symfony/security-core,Authorization/Voter/AuthenticatedVoter.php,c4f3a45c105a897afb24df9de55ead32c5a3c77b,true,false
symfony/symfony,src/Symfony/Component/Asset/CHANGELOG.md,5211e18142bb1ff94eb53f4f94fee4332f48a339,false,true
symfony/symfony,src/Symfony/Component/Asset/Tests/UrlPackageTest.php,5211e18142bb1ff94eb53f4f94fee4332f48a339,false,true
symfony/symfony,src/Symfony/Component/Mailer/Bridge/Mailgun/CHANGELOG.md,6dc2b06d6acd92906a41caf8bb2e453606287d6a,true,false
symfony/symfony,src/Symfony/Component/Mailer/Bridge/Mailgun/Tests/Transport/MailgunApiTransportTest.php,6dc2b06d6acd92906a41caf8bb2e453606287d6a,true,false
symfony/symfony,src/Symfony/Component/Mailer/Bridge/Mailgun/Tests/Transport/MailgunHttpTransportTest.php,6dc2b06d6acd92906a41caf8bb2e453606287d6a,true,false
symfony/symfony,src/Symfony/Component/Mailer/Bridge/Mailgun/Transport/MailgunApiTransport.php,6dc2b06d6acd92906a41caf8bb2e453606287d6a,true,false
symfony/var-dumper,Dumper/ContextProvider/ContextProviderInterface.php,1710596571a311e554e75aa2a6e35e21d2d8c632,true,false
tastyigniter/TastyIgniter,app/system/traits/ViewMaker.php,26e41d615797a2e06565be07113c7c3b7f3ba702,false,true
tastyigniter/TastyIgniter,app/admin/traits/FormModelWidget.php,9ba9e5b2c4890304ab082f519678100c1c934206,true,false
tastyigniter/TastyIgniter,app/system/classes/UpdateManager.php,c8f80aee41f724fa2567210a5cd11150d1e083b8,true,false
tbar0970/jethro-pmm,db_objects/congregation.class.php,a3781ce1bca2ef72caedcfaf96fe7c733f513997,true,false
theoboldt/juvem,app/templates/newsletter/admin/newsletter/form.html.twig,1b379eef7a3d2212ee277d542c14943911680f09,true,false
thephpleague/csv,src/WriterTest.php,c4fac6048203b99ffc0db906675ab45170905bdb,false,true
thephpleague/period,.gitignore,0d984b61c88714c32c5982125b2e076f43bcff01,true,false
thephpleague/period,docs/_layouts/homepage.html,0d984b61c88714c32c5982125b2e076f43bcff01,true,false
thephpleague/period,docs/custom.js,0d984b61c88714c32c5982125b2e076f43bcff01,true,false
thephpleague/period,docs/docker-compose.yml,0d984b61c88714c32c5982125b2e076f43bcff01,true,false
tsugiproject/tsugi,lti/oidc_launch.php,69c0ae5bfe5d635d1f59d3d3e591c4d20c67ff57,true,false
tsugiproject/tsugi-php,src/Core/Launch.php,4c234a79c10e675bab64c31c10093f2b07c7ca08,true,false
tsugiproject/tsugi-php,tests/Util/UTest.php,e459e0563556b87996ea3257a994fe505c231ea2,true,false
tsugiproject/tsugi-php,src/Core/LTIX.php,fdc54342024a627494ba2ad80a47f568aa2c81ff,true,true
twinh/wei,lib/Error.php,d4fe44d8ce7dba3549579d206d7e4f1bf5743c05,true,false
ultimatemember/ultimatemember,includes/core/class-profile.php,cafabe5f120a04cc1c024fb660cc63a025366c73,true,false
unaio/una,modules/boonex/artificer/data/template/system/menu_hor_sys_vote_reactions_do.html,9a2a2b590073d97487f6c9953ca218194d08d547,true,false
unaio/una,modules/boonex/artificer/data/template/system/scripts/BxTemplVoteReactionsMenuDo.php,9a2a2b590073d97487f6c9953ca218194d08d547,true,false
valkyrjaio/valkyrja,src/Valkyrja/Auth/Repositories/Repository.php,d1b0218abd7626be77aa6e8699a98f2a44c10c8f,true,false
vufind-org/vufind,module/VuFindSearch/src/VuFindSearch/Backend/EIT/Connector.php,3329a20334d89a869a975c7443f5893db8fe4584,true,false
vufind-org/vufind,languages/ILSMessages/cs.ini,4b6636635731e85a057c9cfa6e7240cb14b69fc4,true,false
vufind-org/vufind,languages/ILSMessages/en.ini,4b6636635731e85a057c9cfa6e7240cb14b69fc4,true,false
vufind-org/vufind,module/VuFind/src/VuFind/ILS/Driver/MultiBackend.php,4b6636635731e85a057c9cfa6e7240cb14b69fc4,true,false
vufind-org/vufind,module/VuFind/tests/unit-tests/src/VuFindTest/ILS/Driver/MultiBackendTest.php,4b6636635731e85a057c9cfa6e7240cb14b69fc4,true,false
vufind-org/vufind,module/VuFind/src/VuFind/ILS/Driver/Alma.php,61111ce9d69c94b093d5d31945cf5282ac8917f6,true,false
vufind-org/vufind,module/VuFind/tests/fixtures/xcncip2/response/lookupItemSetNextItemTokenEmpty.xml,8f5e63dbe88815e0300660eda1e6ff6a971ecfd9,true,false
vufind-org/vufind,themes/bootstrap3/js/account_ajax.js,be7ee9ebf6213811d714a7445359cb866159f8c2,true,true
vufind-org/vufind,themes/bootstrap3/templates/Helpers/email-form-fields.phtml,be7ee9ebf6213811d714a7445359cb866159f8c2,true,true
vufind-org/vufind,themes/bootstrap3/templates/cart/cart.phtml,be7ee9ebf6213811d714a7445359cb866159f8c2,true,true
wikimedia/mediawiki-extensions-AbuseFilter,includes/ServiceWiring.php,d1ce258a9b9db6c43b7784d12df86c6e66b4b82c,true,true
wikimedia/mediawiki-extensions-AbuseFilter,includes/View/AbuseFilterViewDiff.php,d22ea2b57e4e796af81570d1d9a8c7bbc3b07de1,true,false
wikimedia/mediawiki-extensions-AbuseFilter,includes/View/AbuseFilterViewHistory.php,edcefa729cac5b453cc5a01bebfdab8f2f1d1163,true,false
wikimedia/mediawiki-extensions-AbuseFilter,includes/Special/SpecialAbuseLog.php,f9bcaceefd6574173642d7b8fe15df069bbc47b4,true,false
wikimedia/mediawiki-extensions-BetaFeatures,tests/phpunit/HooksRunTest.php,7d2384fd477699c9aa4274f69008058dc020f748,true,true
wikimedia/mediawiki-extensions-CentralAuth,maintenance/purgeExpiredGlobalRights.php,538270bf354b963b9370d4d2e1b7433a24c938d1,true,false
wikimedia/mediawiki-extensions-CheckUser,maintenance/importCheckUserLogs.php,294b011277f9c1878e40f65979f8d7ff7b3a91a3,true,true
wikimedia/mediawiki-extensions-CheckUser,src/Hooks.php,d9c53f4b1db28b903bb1857056d57f6f681a5332,true,true
wikimedia/mediawiki-extensions-CheckUser,src/Specials/SpecialCheckUser.php,e1e431e05d0e2255e685447045a5ae06eb0c1136,true,false
wikimedia/mediawiki-extensions-CirrusSearch,includes/SiteMatrixInterwikiResolver.php,b1e8523ebd87e71c45f67f401baee5d0822c0d7b,true,true
wikimedia/mediawiki-extensions-CirrusSearch,.phan/config.php,d5941684c9bd1d879cc3d1d39cd59dcd74a221b4,false,true
wikimedia/mediawiki-extensions-ConfirmAccount,includes/backend/ConfirmAccount.class.php,00921b1bf21bc3e8580fdd27cea1605a810d4666,true,true
wikimedia/mediawiki-extensions-ConfirmEdit,FancyCaptcha/includes/FancyCaptcha.php,4bf58404d7026a10201882fb56ea374ba5d45112,true,true
wikimedia/mediawiki-extensions-ContactPage,README,745dc2141dcb4ddd35c3c89f08b7298ba1b849ab,true,false
wikimedia/mediawiki-extensions-ContactPage,includes/SpecialContact.php,745dc2141dcb4ddd35c3c89f08b7298ba1b849ab,true,false
wikimedia/mediawiki-extensions-EventLogging,includes/EventLoggingHooks.php,8e28b2296f349ef38ee5c047f83c44022cd04c92,true,false
wikimedia/mediawiki-extensions-EventLogging,includes/JsonSchemaContentHandler.php,b96d2aee876c289cf44ff5a35f06106d174752d5,true,false
wikimedia/mediawiki-extensions-EventLogging,tests/phpunit/JsonSchemaTest.php,b96d2aee876c289cf44ff5a35f06106d174752d5,true,false
wikimedia/mediawiki-extensions-FanBoxes,includes/UserBoxes.hooks.php,a408d32da4eead5651d153a058898b5221604f88,true,false
wikimedia/mediawiki-extensions-FlaggedRevs,backend/FlaggedRevsStats.php,e6c1881786b0db32e9c1dd3a226e3409e19c64a1,true,true
wikimedia/mediawiki-extensions-Flow,modules/flow/ui/widgets/mw.flow.ui.TopicMenuSelectWidget.js,013702b43edc1f615996304c27f62d0c92397099,true,false
wikimedia/mediawiki-extensions-Flow,includes/Notifications/FlowPresentationModel.php,57c576c4b6e5c0917e72d655352b7ab7e633ee3b,true,false
wikimedia/mediawiki-extensions-GlobalBlocking,includes/GlobalBlockingHooks.php,f5e396266f288c9732bc8ed65709324a9b207be6,true,false
wikimedia/mediawiki-extensions-GlobalBlocking,sql/abstractSchemaChanges/patch-add-gb_by_central_id.json,f5e396266f288c9732bc8ed65709324a9b207be6,true,false
wikimedia/mediawiki-extensions-GlobalBlocking,sql/mysql/patch-add-gb_by_central_id.sql,f5e396266f288c9732bc8ed65709324a9b207be6,true,false
wikimedia/mediawiki-extensions-GlobalBlocking,sql/mysql/tables-generated-globalblocks.sql,f5e396266f288c9732bc8ed65709324a9b207be6,true,false
wikimedia/mediawiki-extensions-GlobalBlocking,sql/postgres/patch-add-gb_by_central_id.sql,f5e396266f288c9732bc8ed65709324a9b207be6,true,false
wikimedia/mediawiki-extensions-GlobalBlocking,sql/postgres/tables-generated-globalblocks.sql,f5e396266f288c9732bc8ed65709324a9b207be6,true,false
wikimedia/mediawiki-extensions-GlobalBlocking,sql/sqlite/patch-add-gb_by_central_id.sql,f5e396266f288c9732bc8ed65709324a9b207be6,true,false
wikimedia/mediawiki-extensions-GlobalBlocking,sql/sqlite/tables-generated-globalblocks.sql,f5e396266f288c9732bc8ed65709324a9b207be6,true,false
wikimedia/mediawiki-extensions-GlobalPreferences,includes/Hooks.php,35b8c121c668605ebd839070c0899c373b5ba9d9,true,false
wikimedia/mediawiki-extensions-GlobalPreferences,tests/phpunit/GlobalPreferencesFactoryTest.php,cd26d48de453155e8400977ab3899dda39f01b2d,true,true
wikimedia/mediawiki-extensions-JsonConfig,includes/JCCache.php,3f53e6815beac54f27f7a028ab66149b75784f74,true,false
wikimedia/mediawiki-extensions-LiquidThreads,classes/Threads.php,0f947d7c2d966442395880bba223b9618d3131b2,false,true
wikimedia/mediawiki-extensions-Math,src/MathRenderer.php,1f8553bc3ac9e44074f8112be6b073498168f796,true,true
wikimedia/mediawiki-extensions-MathSearch,includes/stackexchange/DumpReader.php,b683ab153e5a41982d33bff8d5d2b13aafede8ed,false,true
wikimedia/mediawiki-extensions-Newsletter,Newsletter.php,0fdb851df4c562e12377af8182329e3e444a6cbd,true,false
wikimedia/mediawiki-extensions-ProofreadPage,includes/Api/ApiQueryPagesInIndex.php,e8ead03c8ec4dd00d242ad561fabc8672031fdc5,true,false
wikimedia/mediawiki-extensions-SecurePoll,includes/Pages/ListPager.php,93758c4c13b972d240a6313e0472df1667118893,true,false
wikimedia/mediawiki-extensions-SyntaxHighlight_GeSHi,SyntaxHighlight.lexers.php,a4273571da36fe03c809d931652a6df3a9f3e87f,true,false
wikimedia/mediawiki-extensions-SyntaxHighlight_GeSHi,modules/pygments.generated.css,a4273571da36fe03c809d931652a6df3a9f3e87f,true,false
wikimedia/mediawiki-extensions-SyntaxHighlight_GeSHi,pygments/VERSION,a4273571da36fe03c809d931652a6df3a9f3e87f,true,false
wikimedia/mediawiki-extensions-SyntaxHighlight_GeSHi,pygments/pygmentize,a4273571da36fe03c809d931652a6df3a9f3e87f,true,false
wikimedia/mediawiki-extensions-SyntaxHighlight_GeSHi,includes/SyntaxHighlight.php,e0cece9bc6307f3003a7860134948b2b1412e009,true,false
wikimedia/mediawiki-extensions-TemplateSandbox,includes/Hooks.php,47251d772b37bf18ce62f901523b2955e545760f,true,false
wikimedia/mediawiki-extensions-TranslationNotifications,TranslationNotifications.php,5200ff91744b11c857500084d5fc098d9d90ce71,true,false
wikimedia/mediawiki-extensions-TranslationNotifications,extension.json,fcd511a82b5efcc6ed3032d9923e41f6a2b7da55,true,false
wikimedia/mediawiki-extensions-TranslationNotifications,includes/SpecialTranslatorSignup.php,fcd511a82b5efcc6ed3032d9923e41f6a2b7da55,true,false
wikimedia/mediawiki-extensions-UserMerge,includes/MergeUser.php,0e65403d5b28ef90fa2b09f520d951f25932b314,true,false
wikimedia/mediawiki-extensions-WikimediaEvents,modules/ext.wikimediaEvents/desktopWebUIActions.js,77dacb60cfa488e786277d72f6aa71b26687c63e,true,false
wikimedia/mediawiki-extensions-WikimediaMaintenance,addWiki.php,86b7c3bb641384980b17a0c3edec36eea03220a2,true,false
wikimedia/mediawiki-skins-Vector,includes/templates/skin-legacy.mustache,44aeee5d8341337c00298bb51f069444af39a256,true,false
wikimedia/mediawiki-skins-Vector,stories/skin.stories.data.js,44aeee5d8341337c00298bb51f069444af39a256,true,false
wikimedia/parsoid,src/Wt2Html/PP/Processors/MigrateTrailingNLs.php,3b0cd0e26c16ec83d5256851bcb404ec3166d3f5,true,false
wikimedia/parsoid,tests/phpunit/Parsoid/Wt2Html/PP/Handlers/CleanUpTest.php,3b0cd0e26c16ec83d5256851bcb404ec3166d3f5,true,false
wikimedia/parsoid,extension/src/Config/PageConfigFactory.php,857e343fd0d981272b0d3b9dc063567a601b3eed,false,true
xenocrat/chyrp-lite,includes/model/Page.php,7d9014205b3f07bff608e6b01a201b30fa33130c,true,false
xenocrat/chyrp-lite,modules/comments/model/Comment.php,aad518bf0caa8ba27253b19a03c663e651f3ec44,false,true
xnau/pardibee,classes/PDb_Image.php,134a5f8063130109de000a046c6fc3c7c44b7d2e,true,false
xnau/pardibee,classes/PDb_Base.php,6f3586befd699f2dac6cff1bc3ec67f91cd29f8a,false,true
xnau/pardibee,classes/PDb_Shortcode.php,82e3fc7db7dd6cd0b7a295fac0ca849c5f7086e0,false,true
xnau/pardibee,classes/PDb_admin_list/mass_edit_update.php,b1eb057b4160074a8550b3df4040b343fc990624,true,false
xnau/pardibee,classes/PDb_fields/calculations.php,bc562e98d274f5b8bd1c251d6a0d37a2583620d2,false,true
yiisoft/yii2,framework/console/controllers/MigrateController.php,02fe7f42c82aa31c16e958ca4a65d1786ea65690,true,false
yiisoft/yii2,tests/framework/console/controllers/MigrateControllerTest.php,02fe7f42c82aa31c16e958ca4a65d1786ea65690,true,false
yiisoft/yii2,tests/framework/web/UserTest.php,12763a146ebc550963b5d368633539701e7884ec,true,false
yiisoft/yii2,framework/rbac/migrations/m140506_102106_rbac_init.php,437b0d51aa73909f576d65158ae7c4298066891e,true,false
yiisoft/yii2,tests/framework/base/ModuleTest.php,6067608321b0f918bb94aa42dbba1c738dbec406,true,false
yiisoft/yii2,tests/framework/db/ActiveRecordTest.php,67ea4cf968df26c709fb1e1c369795a99b6699a7,true,false
yiisoft/yii2,tests/framework/helpers/HtmlTest.php,6fb16bc30f2efb63e9033d89d7d7a60d663480f8,true,true
yiisoft/yii2,docs/guide/rest-quick-start.md,e691713ed7539688e93492d86fb725fa044c091f,true,false
yiisoft/yii2,tests/framework/rest/IndexActionTest.php,e691713ed7539688e93492d86fb725fa044c091f,true,false
yiisoft/yii2-framework,rbac/migrations/m140506_102106_rbac_init.php,bfbd43b583d97be510c5264df886d1625f33118d,true,false
yiisoft/yii2-framework,console/controllers/MigrateController.php,ca6b3bcfb8c18394aa92ec00425efd41f46bba84,true,false
yosiakatsuki/ystandard,inc/block-editor/class-block-editor-color-palette.php,a46858b7a28923e20cee5081cf730c13694ed21c,true,false
